chunk,chunk,chunk,chunk,chunk,chunk,chunk,cholesterol,cholesterol,cholesterol,cholesterol,age,age,age,age,max_heart_rate,max_heart_rate,max_heart_rate,max_heart_rate,resting_bp_s,resting_bp_s,resting_bp_s,resting_bp_s
chunk,chunk,chunk,chunk,chunk,chunk,chunk,jensen_shannon,jensen_shannon,jensen_shannon,jensen_shannon,jensen_shannon,jensen_shannon,jensen_shannon,jensen_shannon,jensen_shannon,jensen_shannon,jensen_shannon,jensen_shannon,jensen_shannon,jensen_shannon,jensen_shannon,jensen_shannon
key,chunk_index,start_index,end_index,start_date,end_date,period,value,upper_threshold,lower_threshold,alert,value,upper_threshold,lower_threshold,alert,value,upper_threshold,lower_threshold,alert,value,upper_threshold,lower_threshold,alert
[0:9],0,0,9,,,analysis,0.6590212280564494,0.5,0.1,True,0.8004409719312405,0.5,0.1,True,0.44844570490610935,0.5,0.1,False,0.3270714040428899,0.5,0.1,False
[10:19],1,10,19,,,analysis,0.5394468409122831,0.5,0.1,True,0.7395624099389625,0.5,0.1,True,0.4148124852508783,0.5,0.1,False,0.3658360010312375,0.5,0.1,False
[20:29],2,20,29,,,analysis,0.6641601119452699,0.5,0.1,True,0.7640446610395092,0.5,0.1,True,0.5030065881026548,0.5,0.1,True,0.37829147125202073,0.5,0.1,False
[30:39],3,30,39,,,analysis,0.6586377868332559,0.5,0.1,True,0.7382099820040071,0.5,0.1,True,0.5927141143764515,0.5,0.1,True,0.29034099084797393,0.5,0.1,False
[40:49],4,40,49,,,analysis,0.6447966257605796,0.5,0.1,True,0.769661650160778,0.5,0.1,True,0.4566544875549885,0.5,0.1,False,0.44318059360227086,0.5,0.1,False
[50:59],5,50,59,,,analysis,0.6643468028021751,0.5,0.1,True,0.7920645044479574,0.5,0.1,True,0.5189452449665218,0.5,0.1,True,0.2633507830634007,0.5,0.1,False
[60:69],6,60,69,,,analysis,0.6804130593817446,0.5,0.1,True,0.7350320831600449,0.5,0.1,True,0.48033791479681615,0.5,0.1,False,0.3070662144490152,0.5,0.1,False
[70:79],7,70,79,,,analysis,0.6724805278413166,0.5,0.1,True,0.7910089815650808,0.5,0.1,True,0.37189411094831065,0.5,0.1,False,0.31133684743646134,0.5,0.1,False
[80:89],8,80,89,,,analysis,0.6658379025758349,0.5,0.1,True,0.7141219679152443,0.5,0.1,True,0.46456870557134794,0.5,0.1,False,0.3641270158878087,0.5,0.1,False
[90:97],9,90,97,,,analysis,0.6350005241048758,0.5,0.1,True,0.8047238280464667,0.5,0.1,True,0.6004182730818473,0.5,0.1,True,0.42017972097812867,0.5,0.1,False
